{"a_pos": [[3, 5], [3, 4], [3, 4], [2, 4], [2, 4], [2, 3], [2, 3], [3, 3], [3, 3], [4, 3], [4, 3], [5, 3], [5, 3], [2, 3], [2, 3], [2, 4], [2, 4], [1, 4], [1, 4], [1, 4], [1, 4], [1, 3], [1, 3], [2, 3], [2, 3], [2, 2], [2, 2], [2, 1], [2, 1], [2, 0], [2, 0], [2, 2], [2, 2], [4, 2], [4, 2], [3, 2], [3, 2], [3, 1], [3, 1], [3, 0], [3, 0], [2, 0], [2, 0], [2, 0], [2, 0], [2, 1], [2, 1], [4, 1], [4, 1], [4, 1], [4, 1], [4, 0], [4, 0], [4, 1], [4, 1], [4, 2], [4, 2], [4, 2]], "b_pos": [[4, 5], [4, 5], [5, 5], [5, 5], [3, 5], [3, 5], [4, 5], [4, 5], [4, 4], [4, 4], [5, 4], [5, 4], [5, 4], [5, 4], [6, 4], [6, 4], [3, 4], [3, 4], [3, 3], [3, 3], [3, 2], [3, 2], [4, 2], [4, 2], [4, 2], [4, 2], [4, 1], [4, 1], [4, 2], [4, 2], [4, 2], [4, 2], [5, 2], [5, 2], [5, 3], [5, 3], [5, 3], [5, 3], [6, 3], [6, 3], [6, 2], [6, 2], [7, 2], [7, 2], [7, 2], [7, 2], [7, 3], [7, 3], [5, 3], [5, 3], [5, 2], [5, 2], [5, 2], [5, 2], [7, 2], [7, 2], [7, 3], [7, 3]], "a_points": [0, 1, 1, 2, 2, 3, 3, 4, 4, 5, 5, 6, 6, 10, 10, 9, 9, 9, 9, 13, 13, 14, 14, 15, 15, 15, 15, 16, 16, 17, 17, 19, 19, 21, 21, 21, 21, 21, 21, 22, 22, 23, 23, 21, 21, 22, 22, 24, 24, 22, 22, 22, 22, 23, 23, 23, 23, 27], "b_points": [0, 0, 1, 1, 3, 3, 3, 3, 3, 3, 4, 4, 8, 8, 9, 9, 13, 13, 13, 13, 13, 13, 14, 14, 18, 18, 18, 18, 19, 19, 17, 17, 18, 18, 19, 19, 17, 17, 18, 18, 19, 19, 20, 20, 24, 24, 25, 25, 27, 27, 26, 26, 30, 30, 32, 32, 32, 32], "a_turns_left": [40, 39, 39, 38, 38, 37, 37, 36, 36, 35, 35, 34, 34, 33, 33, 32, 32, 31, 31, 30, 30, 29, 29, 28, 28, 27, 27, 26, 26, 25, 25, 24, 24, 23, 23, 22, 22, 21, 21, 20, 20, 19, 19, 18, 18, 17, 17, 16, 16, 15, 15, 14, 14, 13, 13, 12, 12, 11], "b_turns_left": [40, 40, 39, 39, 38, 38, 37, 37, 36, 36, 35, 35, 34, 34, 33, 33, 32, 32, 31, 31, 30, 30, 29, 29, 28, 28, 27, 27, 26, 26, 25, 25, 24, 24, 23, 23, 22, 22, 21, 21, 20, 20, 19, 19, 18, 18, 17, 17, 16, 16, 15, 15, 14, 14, 13, 13, 12, 12], "a_time_left": [240, 236.9989462918602, 236.9989462918602, 233.97100199991837, 233.97100199991837, 230.96859708288684, 230.96859708288684, 227.96668383292854, 227.96668383292854, 224.96373987430707, 224.96373987430707, 221.96307954145595, 221.96307954145595, 218.9611222911626, 218.9611222911626, 215.9603743739426, 215.9603743739426, 212.9595047486946, 212.9595047486946, 212.95904874894768, 212.95904874894768, 209.95789341488853, 209.95789341488853, 206.9569582901895, 206.9569582901895, 203.9556787069887, 203.9556787069887, 200.95515216514468, 200.95515216514468, 197.9492989978753, 197.9492989978753, 194.94915370550007, 194.94915370550007, 191.94857920566574, 191.94857920566574, 188.94757545553148, 188.94757545553148, 185.94725712249056, 185.94725712249056, 182.94447712227702, 182.94447712227702, 179.94378308020532, 179.94378308020532, 179.94274103920907, 179.94274103920907, 176.94178987201303, 176.94178987201303, 173.94084578799084, 173.94084578799084, 173.93990908004344, 173.93990908004344, 170.9392253709957, 170.9392253709957, 167.92333878809586, 167.92333878809586, 164.90946108009666, 164.90946108009666, 164.9060097890906], "b_time_left": [240, 240, 234.93174954177812, 234.93174954177812, 229.8496780418791, 229.8496780418791, 224.74233825085685, 224.74233825085685, 219.6245361259207, 219.6245361259207, 214.48559191823006, 214.48559191823006, 214.48517233412713, 214.48517233412713, 209.17105095926672, 209.17105095926672, 203.8331136261113, 203.8331136261113, 198.4713216680102, 198.4713216680102, 193.08324866835028, 193.08324866835028, 187.66380612645298, 187.66380612645298, 187.66322362655774, 187.66322362655774, 182.0255599184893, 182.0255599184893, 176.35752941854298, 176.35752941854298, 176.35718379355967, 176.35718379355967, 170.42879346059635, 170.42879346059635, 164.46310621034354, 164.46310621034354, 164.46275733504444, 164.46275733504444, 158.1853074193932, 158.1853074193932, 151.86108500277624, 151.86108500277624, 145.49154041847214, 145.49154041847214, 145.49116746056825, 145.49116746056825, 138.71425487753004, 138.71425487753004, 131.8781172526069, 131.8781172526069, 124.97752100229263, 124.97752100229263, 124.97675950219855, 124.97675950219855, 117.5052067101933, 117.5052067101933, 109.94692850112915, 109.94692850112915], "rat_caught": [false, false, false, false, false, false, false, false, false, false, false, false, true, false, false, false, false, false, false, true, false, false, false, false, true, false, false, false, false, false, false, false, false, false, false, false, false, false, false, false, false, false, false, false, true, false, false, false, false, false, false, false, true, false, false, false, false, true], "new_carpets": [[], [], [], [], [[3, 5], [4, 5]], [], [], [], [], [], [], [], [], [[2, 3], [3, 3], [4, 3]], [], [[2, 4]], [[3, 4], [4, 4], [5, 4]], [], [], [], [], [], [], [], [], [], [], [], [], [], [], [[2, 1], [2, 2]], [], [[3, 2], [4, 2]], [], [], [], [], [], [], [], [], [], [], [], [], [], [[3, 1], [4, 1]], [[5, 3], [6, 3]], [], [[5, 2]], [], [], [], [[6, 2], [7, 2]], [], [], []], "left_behind": ["plain", "prime", "prime", "prime", "carpet", "prime", "plain", "prime", "plain", "prime", "prime", "prime", "search", "carpet", "prime", "carpet", "carpet", "plain", "plain", "search", "plain", "prime", "prime", "prime", "search", "plain", "plain", "prime", "prime", "prime", "search", "carpet", "prime", "carpet", "prime", "plain", "search", "plain", "prime", "prime", "prime", "prime", "prime", "search", "search", "prime", "prime", "carpet", "carpet", "search", "carpet", "plain", "search", "prime", "carpet", "plain", "plain", "search"], "rat_position_history": [[4, 4], [4, 4], [4, 5], [4, 5], [4, 6], [4, 6], [4, 6], [4, 5], [5, 5], [6, 5], [6, 5], [6, 5], [5, 1], [5, 1], [5, 2], [5, 3], [5, 3], [5, 3], [5, 3], [1, 3], [1, 3], [1, 3], [1, 3], [1, 3], [2, 6], [1, 6], [1, 6], [1, 6], [1, 7], [1, 7], [1, 7], [1, 6], [0, 6], [0, 5], [0, 5], [0, 5], [0, 5], [0, 4], [0, 4], [0, 4], [0, 3], [0, 2], [1, 2], [1, 2], [3, 4], [3, 4], [3, 4], [3, 4], [3, 4], [3, 5], [3, 6], [4, 6], [7, 1], [7, 0], [6, 0], [5, 0], [5, 0], [0, 3], [0, 4]], "errlog_a": "commentary failed", "errlog_b": "Timeout", "turn_count": 57, "result": 0, "reason": "CODE_CRASH", "blocked_positions": [[0, 0], [1, 0], [5, 0], [6, 0], [7, 0], [0, 1], [1, 1], [5, 1], [6, 1], [7, 1], [0, 2], [1, 2], [6, 5], [7, 5], [0, 6], [1, 6], [2, 6], [6, 6], [7, 6], [0, 7], [1, 7], [2, 7], [6, 7], [7, 7]]}